{
	"id": "a521ee56-946f-422c-bec4-5a03e50acaeb",
	"name": "QA",
	"values": [
		{
			"key": "URL",
			"value": "https://dev90367.service-now.com",
			"type": "default",
			"enabled": true
		},
		{
			"key": "UName",
			"value": "admin",
			"type": "default",
			"enabled": true
		},
		{
			"key": "Pwd",
			"value": "NQvluT54==pQ",
			"type": "default",
			"enabled": true
		}
	],
	"_postman_variable_scope": "environment",
	"_postman_exported_at": "2023-11-18T11:51:42.648Z",
	"_postman_exported_using": "Postman/10.20.0"
}