{
	"info": {
		"_postman_id": "d0105d68-02d1-4c3f-a732-c78c467833ff",
		"name": "Week1Day1",
		"schema": "https://schema.getpostman.com/json/collection/v2.1.0/collection.json",
		"_exporter_id": "17709036"
	},
	"item": [
		{
			"name": "Create Incident",
			"event": [
				{
					"listen": "test",
					"script": {
						"exec": [
							"pm.test(\"Validate Status code\", function () {\r",
							"    pm.response.to.have.status(201);\r",
							"});\r",
							"\r",
							"var resp=pm.response.json();\r",
							"//x.result.sys_id\r",
							"var sys_id=resp.result.sys_id;\r",
							"    console.log(sys_id);\r",
							"//Key--Name of the global variable ,value-sys_id\r",
							"pm.globals.set(\"system_id\",sys_id);\r",
							"\r",
							"\r",
							""
						],
						"type": "text/javascript"
					}
				}
			],
			"request": {
				"method": "POST",
				"header": [],
				"body": {
					"mode": "raw",
					"raw": "{\r\n    \"short_description\": \"laptop\",\r\n    \"description\": \"sevice my laptop\"\r\n}",
					"options": {
						"raw": {
							"language": "json"
						}
					}
				},
				"url": {
					"raw": "https://dev90367.service-now.com/api/now/table/incident?sysparm_fields=short_description,description,sys_id,number",
					"protocol": "https",
					"host": [
						"dev90367",
						"service-now",
						"com"
					],
					"path": [
						"api",
						"now",
						"table",
						"incident"
					],
					"query": [
						{
							"key": "sysparm_fields",
							"value": "short_description,description,sys_id,number"
						}
					]
				}
			},
			"response": []
		},
		{
			"name": "Get All Incident",
			"event": [
				{
					"listen": "test",
					"script": {
						"exec": [
							"pm.test(\"Status code is 200\", function () {\r",
							"    pm.response.to.have.status(200);\r",
							"});\r",
							"pm.test(\"Body matches string\", function () {\r",
							"    pm.expect(pm.response.text()).to.include(\"INC\");\r",
							"});"
						],
						"type": "text/javascript"
					}
				}
			],
			"request": {
				"method": "GET",
				"header": [],
				"url": {
					"raw": "https://dev90367.service-now.com/api/now/table/incident?sysparm_fields=short_description,description,sys_id,number",
					"protocol": "https",
					"host": [
						"dev90367",
						"service-now",
						"com"
					],
					"path": [
						"api",
						"now",
						"table",
						"incident"
					],
					"query": [
						{
							"key": "sysparm_fields",
							"value": "short_description,description,sys_id,number"
						}
					]
				}
			},
			"response": []
		},
		{
			"name": "Update Incident",
			"event": [
				{
					"listen": "test",
					"script": {
						"exec": [
							"pm.test(\"Status code is 200\", function () {\r",
							"    pm.response.to.have.status(200);\r",
							"});\r",
							"pm.test(\"Body matches string\", function () {\r",
							"    pm.expect(pm.response.text()).to.include(\"Mobile\");\r",
							"});"
						],
						"type": "text/javascript"
					}
				}
			],
			"request": {
				"method": "PUT",
				"header": [],
				"body": {
					"mode": "raw",
					"raw": "{\r\n    \"short_description\": \"Mobile\",\r\n    \"description\": \"sevice my Mobile\"\r\n}",
					"options": {
						"raw": {
							"language": "json"
						}
					}
				},
				"url": {
					"raw": "https://dev90367.service-now.com/api/now/table/incident/{{system_id}}",
					"protocol": "https",
					"host": [
						"dev90367",
						"service-now",
						"com"
					],
					"path": [
						"api",
						"now",
						"table",
						"incident",
						"{{system_id}}"
					]
				}
			},
			"response": []
		},
		{
			"name": "Delete Incident",
			"event": [
				{
					"listen": "test",
					"script": {
						"exec": [
							"pm.test(\"Status code is 204\", function () {\r",
							"    pm.response.to.have.status(204);\r",
							"});"
						],
						"type": "text/javascript"
					}
				}
			],
			"request": {
				"method": "DELETE",
				"header": [],
				"url": {
					"raw": "https://dev90367.service-now.com/api/now/table/incident/{{system_id}}",
					"protocol": "https",
					"host": [
						"dev90367",
						"service-now",
						"com"
					],
					"path": [
						"api",
						"now",
						"table",
						"incident",
						"{{system_id}}"
					]
				}
			},
			"response": []
		}
	],
	"auth": {
		"type": "basic",
		"basic": [
			{
				"key": "password",
				"value": "NQvluT54==pQ",
				"type": "string"
			},
			{
				"key": "username",
				"value": "admin",
				"type": "string"
			}
		]
	},
	"event": [
		{
			"listen": "prerequest",
			"script": {
				"type": "text/javascript",
				"exec": [
					""
				]
			}
		},
		{
			"listen": "test",
			"script": {
				"type": "text/javascript",
				"exec": [
					""
				]
			}
		}
	]
}