{
	"info": {
		"_postman_id": "34e3542f-7011-4ec2-9bfa-322330640a12",
		"name": "OAuth_Oct",
		"schema": "https://schema.getpostman.com/json/collection/v2.1.0/collection.json",
		"_exporter_id": "17709036"
	},
	"item": [
		{
			"name": "OAuth Generation",
			"request": {
				"auth": {
					"type": "noauth"
				},
				"method": "POST",
				"header": [],
				"body": {
					"mode": "urlencoded",
					"urlencoded": [
						{
							"key": "grant_type",
							"value": "password",
							"type": "text"
						},
						{
							"key": "client_id",
							"value": "c04a768b69b9711071bec42f4c28f8a3",
							"type": "text"
						},
						{
							"key": "client_secret",
							"value": "1q~K[il6yH",
							"type": "text"
						},
						{
							"key": "username",
							"value": "admin",
							"type": "text"
						},
						{
							"key": "password",
							"value": "NQvluT54==pQ",
							"type": "text"
						}
					]
				},
				"url": {
					"raw": "https://dev90367.service-now.com/oauth_token.do",
					"protocol": "https",
					"host": [
						"dev90367",
						"service-now",
						"com"
					],
					"path": [
						"oauth_token.do"
					]
				}
			},
			"response": []
		}
	]
}